,Loan_ID,Gender,Married,Dependents,Education,Self_Employed,LoanAmount,Loan_Amount_Term,Credit_History,Loan_Status,Total_Income,Income_Level,Prop_Area_Semiurban,Prop_Area_Urban
0,LP001002,1.0,0,0,1,0,4.844187086458591,360.0,1.0,1.0,8.674025985443025,1,0,1
1,LP001003,1.0,1,1,1,0,4.852030263919617,360.0,1.0,0.0,8.714567550836485,1,0,0
2,LP001005,1.0,1,0,1,1,4.189654742026425,360.0,1.0,1.0,8.006367567650246,1,0,1
3,LP001006,1.0,1,0,0,0,4.787491742782046,360.0,1.0,1.0,8.50532301884575,1,0,1
4,LP001008,1.0,0,0,1,0,4.948759890378168,360.0,1.0,1.0,8.699514748210191,1,0,1
5,LP001011,1.0,1,2,1,1,5.58724865840025,360.0,1.0,1.0,9.170871628065816,1,0,1
6,LP001013,1.0,1,0,0,0,4.553876891600541,360.0,1.0,1.0,8.255568653283746,1,0,1
7,LP001014,1.0,1,3,1,0,5.062595033026967,360.0,0.0,0.0,8.61974977974133,1,1,0
8,LP001018,1.0,1,2,1,0,5.123963979403259,360.0,1.0,1.0,8.61830469278465,1,0,1
9,LP001020,1.0,1,1,1,0,5.8,360.0,1.0,0.0,9.8,3,1,0
10,LP001024,1.0,1,2,1,0,4.248495242049359,360.0,1.0,1.0,8.268731832117737,1,0,1
11,LP001027,1.0,1,2,1,0,4.6913478822291435,360.0,1.0,1.0,8.375629627094451,1,0,1
12,LP001028,1.0,1,2,1,0,5.298317366548036,360.0,1.0,1.0,9.321792297270326,2,0,1
13,LP001029,1.0,0,0,1,0,4.736198448394496,360.0,1.0,0.0,8.453827315794417,1,0,0
14,LP001030,1.0,1,2,1,0,3.8,120.0,1.0,1.0,7.776954403322442,1,0,1
15,LP001032,1.0,0,0,1,0,4.8283137373023015,360.0,1.0,1.0,8.507142855562735,1,0,1
16,LP001034,1.0,0,1,0,0,4.605170185988092,240.0,0.7,1.0,8.18757739559151,1,0,1
17,LP001036,0.0,0,0,1,0,4.330733340286331,360.0,0.0,0.0,8.163371316459912,1,0,1
18,LP001038,1.0,1,0,0,0,4.890349128221754,360.0,1.0,0.0,8.494333897270154,1,0,0
19,LP001041,1.0,1,0,1,0,4.74493212836325,360.0,1.0,1.0,8.716044050161402,1,0,1
20,LP001043,1.0,1,0,0,0,4.6443908991413725,360.0,0.0,0.0,8.943767262734637,1,0,1
21,LP001046,1.0,1,1,1,0,5.752572638825633,360.0,1.0,1.0,9.357034751126987,2,0,1
22,LP001047,1.0,1,0,0,0,4.7535901911063645,360.0,0.0,0.0,8.414274137408396,1,1,0
23,LP001050,-1.0,1,2,0,0,4.718498871295094,360.0,0.0,0.0,8.572060092857077,1,0,0
24,LP001052,1.0,1,1,1,0,5.017279836814924,360.0,0.7,0.0,8.801168401936692,1,1,0
25,LP001066,1.0,1,0,1,1,5.25227342804663,360.0,1.0,1.0,9.165343006045447,1,1,0
26,LP001068,1.0,1,0,1,0,4.804021044733257,360.0,1.0,1.0,8.527539483470381,1,1,0
27,LP001073,1.0,1,2,0,0,4.700480365792417,360.0,1.0,1.0,8.569026340056254,1,0,1
28,LP001086,1.0,0,0,0,0,3.8,360.0,1.0,0.0,7.5,1,0,1
29,LP001087,0.0,0,2,1,0,4.787491742782046,360.0,1.0,1.0,8.671286726753637,1,1,0
30,LP001091,1.0,1,1,1,0,5.303304908059076,360.0,0.7,0.0,8.927314111060596,1,0,1
31,LP001095,1.0,0,0,1,0,4.30406509320417,360.0,1.0,0.0,8.06054004653864,1,0,1
32,LP001097,1.0,0,1,1,1,4.663439094112067,360.0,1.0,0.0,8.453614209773367,1,0,0
33,LP001098,1.0,1,0,1,0,4.736198448394496,360.0,1.0,1.0,8.550047528287184,1,1,0
34,LP001100,1.0,0,3,1,0,5.768320995793772,360.0,1.0,0.0,9.648595302907339,2,0,0
35,LP001106,1.0,1,0,1,0,4.844187086458591,360.0,1.0,1.0,8.376090350438238,1,0,1
36,LP001109,1.0,1,0,1,0,4.605170185988092,360.0,0.0,0.0,8.057694194815587,1,0,1
37,LP001112,0.0,1,0,1,0,4.969813299576001,360.0,1.0,1.0,8.542080906924017,1,1,0
38,LP001114,1.0,0,0,1,0,5.214935757608986,360.0,1.0,1.0,9.339261152043022,2,0,1
39,LP001116,1.0,0,0,0,0,4.700480365792417,360.0,1.0,1.0,8.59711281459211,1,1,0
40,LP001119,1.0,0,0,1,0,4.382026634673881,360.0,1.0,0.0,8.1886891244442,1,0,1
41,LP001120,1.0,0,0,1,0,3.8501476017100584,360.0,1.0,1.0,8.0106915391303,1,0,1
42,LP001123,1.0,1,0,1,0,4.31748811353631,360.0,0.7,1.0,7.783224016336037,1,0,1
43,LP001131,1.0,1,0,1,0,4.897839799950911,360.0,1.0,1.0,8.744647438317532,1,1,0
44,LP001136,1.0,1,0,0,1,4.564348191467836,360.0,1.0,1.0,8.454253391642363,1,0,1
45,LP001137,0.0,0,0,1,0,4.477336814478207,360.0,1.0,1.0,8.134467570277563,1,0,1
46,LP001138,1.0,1,1,1,0,3.8,360.0,1.0,1.0,8.639233817325263,1,0,1
47,LP001144,1.0,1,0,1,0,4.969813299576001,360.0,1.0,1.0,8.669227347271736,1,0,1
48,LP001146,0.0,1,0,1,0,4.787491742782046,360.0,0.0,0.0,8.713582005421628,1,0,1
49,LP001151,0.0,0,0,1,0,4.969813299576001,360.0,1.0,1.0,8.744328763999984,1,1,0
50,LP001155,0.0,1,0,0,0,4.605170185988092,360.0,1.0,1.0,8.18088094199639,1,1,0
51,LP001157,0.0,0,0,1,0,4.787491742782046,360.0,1.0,1.0,8.034631032923107,1,1,0
52,LP001164,0.0,0,0,1,0,4.718498871295094,360.0,1.0,0.0,8.349957272040324,1,1,0
53,LP001179,1.0,1,2,1,0,4.897839799950911,360.0,1.0,0.0,8.437283808187935,1,0,1
54,LP001186,0.0,1,1,1,1,5.655991810819852,360.0,0.0,0.0,9.350102314351341,2,0,1
55,LP001194,1.0,1,2,1,0,4.574710978503383,360.0,1.0,1.0,8.262300941787448,1,1,0
56,LP001195,1.0,1,0,1,0,4.564348191467836,360.0,1.0,1.0,8.222285073872717,1,1,0
57,LP001197,1.0,1,0,1,0,4.90527477843843,360.0,1.0,0.0,8.624431942085836,1,0,0
58,LP001198,1.0,1,1,1,0,5.19295685089021,360.0,1.0,1.0,9.242807562113684,2,0,1
59,LP001199,1.0,1,2,0,0,4.969813299576001,360.0,1.0,1.0,8.734881892047483,1,0,1
60,LP001205,1.0,1,0,1,0,4.787491742782046,360.0,1.0,1.0,8.74766979009724,1,0,1
61,LP001206,1.0,1,3,1,0,4.59511985013459,360.0,1.0,1.0,8.015987811027237,1,0,1
62,LP001207,1.0,1,0,0,1,5.10594547390058,180.0,0.0,0.0,8.709134991587183,1,0,0
63,LP001213,1.0,1,1,1,0,4.844187086458591,360.0,0.0,0.0,8.506132244056813,1,0,0
64,LP001222,0.0,0,0,1,0,4.7535901911063645,360.0,0.0,0.0,8.334711621820917,1,1,0
65,LP001225,1.0,1,0,1,0,5.552959584921617,360.0,1.0,0.0,9.241935933565934,2,1,0
66,LP001228,1.0,0,0,0,0,4.836281906951478,180.0,0.0,0.0,8.604104563405533,1,0,1
67,LP001233,1.0,1,1,1,0,5.7430031878094825,360.0,1.0,1.0,9.28266103355581,2,0,1
68,LP001238,1.0,1,3,0,1,4.8283137373023015,60.0,1.0,1.0,8.867850063029406,1,0,1
69,LP001241,0.0,0,0,1,0,4.912654885736052,360.0,0.0,0.0,8.366370301681654,1,1,0
70,LP001243,1.0,1,0,1,0,5.147494476813453,360.0,1.0,1.0,8.744169388750624,1,0,1
71,LP001245,1.0,1,2,0,1,4.574710978503383,360.0,1.0,1.0,8.229511118964457,1,1,0
72,LP001248,1.0,0,0,1,0,4.394449154672439,300.0,1.0,1.0,8.160518247477505,1,1,0
73,LP001250,1.0,1,3,0,0,4.553876891600541,360.0,0.0,0.0,8.46695197497949,1,1,0
74,LP001253,1.0,1,3,1,1,5.231108616854587,360.0,1.0,1.0,8.859363449152088,1,1,0
75,LP001255,1.0,0,0,1,0,4.727387818712341,480.0,1.0,0.0,8.229511118964457,1,0,1
76,LP001256,1.0,0,0,1,0,5.170483995038151,360.0,1.0,0.0,9.047821442478408,1,0,1
77,LP001259,1.0,1,1,1,1,4.700480365792417,360.0,1.0,0.0,8.299534570332597,1,0,1
78,LP001263,1.0,1,3,1,0,5.19295685089021,300.0,0.0,0.0,8.877242435993919,1,1,0
79,LP001264,1.0,1,3,0,1,4.867534450455582,360.0,0.7,1.0,8.612321536507814,1,1,0
80,LP001265,0.0,0,0,1,0,4.709530201312334,360.0,1.0,1.0,8.254788926148725,1,1,0
81,LP001266,1.0,1,1,1,1,4.844187086458591,360.0,1.0,1.0,7.781138509845015,1,1,0
82,LP001267,0.0,1,2,1,0,5.117993812416755,360.0,1.0,0.0,8.089175678837561,1,0,1
83,LP001273,1.0,1,0,1,0,5.579729825986222,360.0,0.7,0.0,9.017968479328726,1,1,0
84,LP001275,1.0,1,1,1,0,3.912023005428146,240.0,1.0,1.0,8.291045131081729,1,0,1
85,LP001279,1.0,0,0,1,0,4.912654885736052,360.0,1.0,1.0,8.496378051702317,1,1,0
86,LP001280,1.0,1,2,0,0,4.59511985013459,360.0,0.7,1.0,8.581669210600602,1,1,0
87,LP001282,1.0,1,0,1,0,4.6443908991413725,360.0,1.0,1.0,8.43771698991444,1,1,0
88,LP001289,1.0,0,0,1,0,5.3471075307174685,360.0,1.0,1.0,9.055556158175316,1,0,1
89,LP001310,1.0,1,0,1,0,5.1647859739235145,360.0,1.0,1.0,9.196444266784072,1,1,0
90,LP001316,1.0,1,0,1,0,4.875197323201151,360.0,1.0,1.0,8.675563527387679,1,1,0
91,LP001318,1.0,1,2,1,0,5.236441962829949,180.0,1.0,1.0,9.384629757072872,2,1,0
92,LP001319,1.0,1,2,0,0,4.394449154672439,360.0,1.0,1.0,8.535622326884605,1,0,1
93,LP001322,1.0,0,0,1,0,4.804021044733257,360.0,1.0,1.0,8.326758814511733,1,1,0
94,LP001325,1.0,0,0,0,0,3.8,120.0,1.0,1.0,8.194229304819817,1,1,0
95,LP001326,1.0,0,0,1,0,4.844187086458591,360.0,0.7,0.0,8.822027322685583,1,0,1
96,LP001327,0.0,1,0,1,0,4.919980925828125,360.0,1.0,1.0,8.47345026846832,1,1,0
97,LP001333,1.0,1,0,1,0,3.912023005428146,360.0,1.0,1.0,7.9976631270201,1,1,0
98,LP001334,1.0,1,0,0,0,4.74493212836325,180.0,1.0,1.0,8.339978571990427,1,1,0
99,LP001343,1.0,1,0,1,0,4.875197323201151,360.0,1.0,1.0,8.575462099540212,1,1,0
100,LP001345,1.0,1,2,0,0,4.890349128221754,180.0,1.0,1.0,8.929435283803425,1,0,1
101,LP001349,1.0,0,0,1,0,5.017279836814924,360.0,1.0,1.0,9.065198986306513,1,1,0
102,LP001350,1.0,1,0,1,0,5.465729477297891,360.0,1.0,1.0,9.521494800613105,2,0,1
103,LP001356,1.0,1,0,1,0,4.844187086458591,360.0,1.0,1.0,9.016148642611741,1,1,0
104,LP001357,1.0,1,0,1,0,5.075173815233827,360.0,1.0,1.0,8.42726848388825,1,0,1
105,LP001367,1.0,1,1,1,0,4.605170185988092,360.0,1.0,1.0,8.31434234336979,1,0,1
106,LP001369,1.0,1,2,1,0,5.41610040220442,360.0,1.0,1.0,9.436918020024674,2,0,1
107,LP001370,1.0,0,0,0,0,4.787491742782046,360.0,1.0,0.0,8.9001399880938,1,0,0
108,LP001379,1.0,1,2,1,0,5.375278407684165,360.0,0.0,0.0,8.909235279192261,1,0,1
109,LP001384,1.0,1,3,0,0,4.543294782270004,480.0,1.0,1.0,7.946263643580541,1,1,0
110,LP001385,1.0,0,0,1,0,4.912654885736052,360.0,1.0,1.0,8.578476419833136,1,0,1
111,LP001387,0.0,1,0,1,0,4.9344739331306915,360.0,1.0,1.0,8.568266461600238,1,1,0
112,LP001391,1.0,1,0,0,0,5.0238805208462765,360.0,0.0,0.0,8.94715577112479,1,0,0
113,LP001392,0.0,0,1,1,1,4.844187086458591,360.0,1.0,1.0,8.916103530553727,1,1,0
114,LP001398,1.0,0,0,1,0,4.770684624465665,360.0,1.0,1.0,8.527143522269405,1,1,0
115,LP001401,1.0,1,1,1,0,5.220355825078324,180.0,1.0,1.0,9.587611745713565,2,0,0
116,LP001404,0.0,1,0,1,0,5.0369526024136295,360.0,1.0,1.0,8.60337088765729,1,1,0
117,LP001405,1.0,1,1,1,0,4.442651256490317,360.0,0.7,1.0,8.192016914536875,1,0,1
118,LP001421,1.0,1,0,1,0,5.1647859739235145,360.0,1.0,0.0,8.950273466557375,1,0,0
119,LP001422,0.0,0,0,1,0,5.556828061699537,360.0,1.0,1.0,9.250330020192342,2,0,1
120,LP001426,1.0,1,0,1,0,5.19295685089021,360.0,1.0,1.0,9.0280988119824,1,0,0
121,LP001430,0.0,0,0,1,0,3.8,360.0,1.0,1.0,8.334711621820917,1,1,0
122,LP001431,0.0,0,0,1,0,4.919980925828125,360.0,0.0,1.0,9.316230747233615,2,1,0
123,LP001432,1.0,1,2,1,0,4.394449154672439,360.0,1.0,1.0,7.9919305198524775,1,1,0
124,LP001439,1.0,1,0,0,0,5.267858159063328,360.0,1.0,1.0,8.750524669117937,1,0,0
125,LP001443,0.0,0,0,1,0,4.532599493153256,360.0,0.7,1.0,8.213923595622743,1,0,0
126,LP001448,-1.0,1,3,1,0,5.8,360.0,1.0,1.0,9.8,3,0,0
127,LP001449,1.0,0,0,1,0,4.844187086458591,360.0,1.0,1.0,8.61341204915678,1,0,0
128,LP001451,1.0,1,1,1,1,5.075173815233827,180.0,0.0,0.0,9.572410734431823,2,0,1
129,LP001465,1.0,1,0,1,0,5.204006687076795,360.0,0.7,0.0,9.065198986306513,1,0,0
130,LP001469,1.0,0,0,1,1,5.8,480.0,0.7,1.0,9.8,3,0,1
131,LP001473,1.0,0,0,1,0,4.30406509320417,360.0,1.0,1.0,8.279697133877628,1,0,1
132,LP001478,1.0,0,0,1,0,4.248495242049359,360.0,1.0,1.0,7.907651594711089,1,1,0
133,LP001482,1.0,1,0,1,1,3.8,120.0,1.0,1.0,8.148734808937169,1,1,0
134,LP001487,1.0,0,0,1,0,4.624972813284271,360.0,1.0,1.0,8.49596955496461,1,1,0
135,LP001488,1.0,1,3,1,0,5.66988092298052,360.0,1.0,0.0,9.371608519572305,2,1,0
136,LP001489,0.0,1,0,1,0,4.430816798843313,360.0,1.0,0.0,8.430109084509125,1,0,0
137,LP001491,1.0,1,2,1,1,4.477336814478207,360.0,1.0,1.0,8.827028068509152,1,0,1
138,LP001492,1.0,0,0,1,0,5.488937726156687,360.0,0.0,0.0,9.61573881119536,2,1,0
139,LP001493,1.0,1,2,0,0,4.859812404361672,360.0,1.0,0.0,8.635864721133736,1,0,0
140,LP001497,1.0,1,2,1,0,5.220355825078324,360.0,1.0,0.0,8.871365005136852,1,0,0
141,LP001498,1.0,0,0,1,0,5.123963979403259,360.0,1.0,1.0,8.597297435657898,1,0,1
142,LP001504,1.0,0,0,1,1,5.1647859739235145,180.0,1.0,1.0,8.846496938558838,1,1,0
143,LP001507,1.0,1,0,1,0,4.804021044733257,360.0,1.0,1.0,8.462103225098277,1,1,0
144,LP001508,1.0,1,2,1,0,5.231108616854587,180.0,1.0,1.0,9.372204086867741,2,0,1
145,LP001514,0.0,1,0,1,0,4.605170185988092,360.0,1.0,1.0,8.827028068509152,1,1,0
146,LP001516,0.0,1,2,1,0,4.248495242049359,360.0,1.0,1.0,9.60683200528524,2,0,1
147,LP001518,1.0,1,1,1,0,3.8,360.0,1.0,1.0,7.993957547573565,1,0,1
148,LP001519,0.0,0,0,1,0,5.41610040220442,360.0,1.0,0.0,9.364433907313582,2,0,0
149,LP001520,1.0,1,0,1,0,4.8283137373023015,360.0,1.0,1.0,8.646465527120377,1,1,0
150,LP001528,1.0,0,0,1,0,4.770684624465665,360.0,0.0,0.0,8.744647438317532,1,0,0
151,LP001529,1.0,1,0,1,1,5.0238805208462765,360.0,1.0,1.0,8.752581469146884,1,0,0
152,LP001531,1.0,0,0,1,0,5.497168225293202,360.0,1.0,0.0,9.123256265069069,1,0,1
153,LP001532,1.0,1,2,0,0,4.727387818712341,360.0,1.0,0.0,7.732369222284388,1,0,0
154,LP001535,1.0,0,0,1,0,3.912023005428146,360.0,1.0,1.0,8.087640287778983,1,0,1
155,LP001536,1.0,1,3,1,0,5.8,180.0,0.0,1.0,9.8,4,1,0
156,LP001541,1.0,1,1,1,0,5.075173815233827,360.0,0.7,1.0,8.699514748210191,1,0,0
157,LP001543,1.0,1,1,1,0,5.231108616854587,360.0,1.0,1.0,9.16303909885817,1,0,1
158,LP001546,1.0,0,0,1,0,4.787491742782046,360.0,1.0,1.0,8.529714471969909,1,0,0
159,LP001552,1.0,1,0,1,0,5.541263545158426,360.0,1.0,1.0,9.23092700558457,2,1,0
160,LP001560,1.0,1,0,0,0,4.584967478670572,360.0,1.0,1.0,7.973844375944687,1,1,0
161,LP001562,1.0,1,0,1,0,5.616771097666572,360.0,1.0,0.0,8.978786553302003,1,0,1
162,LP001565,1.0,1,1,1,0,4.795790545596741,360.0,0.0,0.0,8.382289428951436,1,1,0
163,LP001570,1.0,1,2,1,0,5.062595033026967,360.0,1.0,1.0,8.633018756921828,1,0,0
164,LP001572,1.0,1,0,1,0,4.31748811353631,180.0,1.0,1.0,9.140239744296693,1,0,1
165,LP001574,1.0,1,0,1,0,5.204006687076795,360.0,1.0,1.0,8.835355971121606,1,0,0
166,LP001577,0.0,1,0,1,0,4.718498871295094,360.0,1.0,0.0,8.430109084509125,1,0,0
167,LP001578,1.0,1,0,1,0,4.859812404361672,360.0,1.0,1.0,8.660773919893762,1,0,0
168,LP001579,1.0,0,0,1,0,4.143134726391533,480.0,0.0,0.0,7.71289096149013,1,1,0
169,LP001580,1.0,1,2,1,0,5.298317366548036,360.0,1.0,1.0,8.987196820661973,1,1,0
170,LP001581,1.0,1,0,0,0,4.553876891600541,360.0,1.0,1.0,8.185628891147607,1,0,0
171,LP001585,-1.0,1,3,1,0,5.8,300.0,1.0,1.0,9.8,4,0,1
172,LP001586,1.0,1,3,0,0,4.394449154672439,180.0,1.0,0.0,8.166784289056151,1,0,0
173,LP001594,1.0,1,0,1,0,5.231108616854587,360.0,1.0,1.0,9.335474102732949,2,1,0
174,LP001603,1.0,1,0,0,1,4.465908118654584,360.0,1.0,0.0,8.533066540572527,1,1,0
175,LP001606,1.0,1,0,1,0,4.7535901911063645,360.0,1.0,1.0,8.605387202152153,1,0,0
176,LP001608,1.0,1,2,1,0,4.61512051684126,360.0,1.0,1.0,8.20631072579402,1,0,0
177,LP001610,1.0,1,3,1,0,5.8,360.0,0.0,0.0,9.730086093116732,2,1,0
178,LP001616,1.0,1,1,1,0,4.7535901911063645,360.0,1.0,1.0,8.229511118964457,1,1,0
179,LP001630,1.0,0,0,0,0,4.624972813284271,480.0,0.0,0.0,8.238536930171769,1,0,1
180,LP001633,1.0,1,1,1,0,5.19295685089021,360.0,0.0,0.0,9.521494800613105,2,0,1
181,LP001634,1.0,0,0,1,0,4.204692619390966,360.0,0.7,0.0,8.850660919017152,1,0,0
182,LP001636,1.0,1,0,1,0,4.290459441148391,180.0,1.0,1.0,8.433811582477187,1,1,0
183,LP001637,1.0,1,1,1,0,5.560681631015528,360.0,1.0,0.0,9.8,4,1,0
184,LP001639,0.0,1,0,1,0,4.68213122712422,360.0,1.0,1.0,8.195609567288775,1,1,0
185,LP001640,1.0,1,0,1,1,4.787491742782046,360.0,1.0,1.0,9.8,4,1,0
186,LP001641,1.0,1,1,1,1,4.189654742026425,300.0,0.0,0.0,7.686162303492906,1,0,0
187,LP001643,1.0,1,0,1,0,4.060443010546419,360.0,0.7,1.0,8.416488487294606,1,0,0
188,LP001644,-1.0,1,0,1,1,5.123963979403259,360.0,1.0,1.0,8.694502206386648,1,0,0
189,LP001647,1.0,1,0,1,0,5.236441962829949,180.0,1.0,1.0,9.140775908590273,1,0,0
190,LP001653,1.0,0,0,0,0,3.871201010907891,360.0,1.0,1.0,8.493924564476883,1,0,0
191,LP001656,1.0,0,0,1,0,5.099866427824199,360.0,1.0,0.0,9.392661928770137,2,1,0
192,LP001657,1.0,1,0,0,0,5.075173815233827,360.0,1.0,0.0,8.704999678440762,1,0,1
193,LP001658,1.0,0,0,1,0,4.330733340286331,360.0,1.0,1.0,8.257904193465674,1,1,0
194,LP001664,1.0,0,0,1,0,4.787491742782046,360.0,1.0,1.0,8.340694647925071,1,0,0
195,LP001665,1.0,1,1,1,0,5.135798437050262,360.0,1.0,0.0,8.649623978596727,1,1,0
196,LP001666,1.0,0,0,1,0,5.231108616854587,360.0,1.0,1.0,9.399554785027307,2,0,0
197,LP001669,0.0,0,0,0,0,4.787491742782046,360.0,1.0,1.0,8.35983738064003,1,0,1
198,LP001671,0.0,1,0,1,0,4.727387818712341,360.0,0.7,1.0,8.737452587550584,1,1,0
199,LP001673,1.0,0,0,1,1,4.418840607796598,360.0,1.0,0.0,9.305650551780507,2,0,1
200,LP001674,1.0,1,1,0,0,4.499809670330265,360.0,1.0,1.0,8.536995818712418,1,1,0
201,LP001677,1.0,0,2,1,0,5.111987788356544,360.0,0.0,1.0,8.5016733797582,1,1,0
202,LP001682,1.0,1,3,0,0,4.844187086458591,180.0,1.0,0.0,8.292047637431354,1,0,1
203,LP001688,1.0,1,1,0,0,4.90527477843843,360.0,1.0,1.0,8.430109084509125,1,0,1
204,LP001691,1.0,1,2,0,0,4.820281565605037,360.0,1.0,1.0,8.27308133366583,1,1,0
205,LP001692,0.0,0,0,0,0,4.787491742782046,360.0,1.0,1.0,8.391176350832751,1,1,0
206,LP001693,0.0,0,0,1,0,4.382026634673881,360.0,1.0,1.0,8.084562415235304,1,0,1
207,LP001698,1.0,0,0,0,0,4.007333185232471,360.0,1.0,1.0,8.780480107033297,1,0,0
208,LP001699,1.0,0,0,1,0,4.07753744390572,360.0,1.0,1.0,7.8156105320351905,1,0,1
209,LP001702,1.0,0,0,1,0,4.844187086458591,360.0,1.0,0.0,8.136810863675537,1,1,0
210,LP001708,0.0,0,0,1,0,5.365976015021851,360.0,1.0,0.0,9.210340371976184,1,1,0
211,LP001711,1.0,1,3,1,0,4.852030263919617,360.0,0.0,0.0,8.451053388911692,1,1,0
212,LP001713,1.0,1,1,1,1,5.480638923341991,360.0,1.0,1.0,8.960210955576986,1,0,1
213,LP001715,1.0,1,3,0,1,4.867534450455582,360.0,1.0,1.0,8.648747631156539,1,0,0
214,LP001716,1.0,1,0,1,0,4.919980925828125,360.0,1.0,1.0,8.731336360533149,1,0,1
215,LP001720,1.0,1,3,0,0,4.605170185988092,360.0,1.0,1.0,8.483222671845084,1,1,0
216,LP001722,1.0,1,0,1,0,4.90527477843843,360.0,1.0,0.0,7.575584651557793,1,0,0
217,LP001726,1.0,1,0,1,0,4.875197323201151,360.0,1.0,1.0,8.61286694148452,1,1,0
218,LP001732,1.0,1,2,1,0,4.276666119016055,360.0,0.0,0.0,8.517193191416238,1,1,0
219,LP001734,0.0,1,2,1,0,4.844187086458591,360.0,0.7,1.0,8.804775258867686,1,1,0
220,LP001736,1.0,1,0,1,0,4.0943445622221,360.0,0.0,0.0,7.7057128238944275,1,0,1
221,LP001743,1.0,1,2,1,0,4.7535901911063645,360.0,1.0,1.0,8.65277248565806,1,1,0
222,LP001744,1.0,0,0,1,0,4.969813299576001,360.0,1.0,1.0,8.659039915644474,1,1,0
223,LP001749,1.0,1,0,1,0,5.1647859739235145,360.0,1.0,1.0,9.058121158998672,1,1,0
224,LP001750,1.0,1,0,1,0,4.852030263919617,360.0,1.0,1.0,8.740336742730447,1,1,0
225,LP001751,1.0,1,0,1,0,5.135798437050262,360.0,1.0,0.0,8.086410275323782,1,0,0
226,LP001754,1.0,1,0,0,1,4.927253685157205,360.0,1.0,0.0,8.462737005620179,1,0,1
227,LP001758,1.0,1,2,1,0,5.3471075307174685,360.0,1.0,1.0,8.980298078970817,1,1,0
228,LP001760,1.0,1,0,1,0,5.062595033026967,480.0,1.0,1.0,8.467582690862903,1,1,0
229,LP001761,1.0,0,0,1,1,5.298317366548036,360.0,1.0,1.0,8.764053269347762,1,0,0
230,LP001765,1.0,1,1,1,0,4.6443908991413725,360.0,1.0,1.0,8.421783006611578,1,1,0
231,LP001768,1.0,1,0,1,0,3.8,180.0,1.0,1.0,8.22040309993373,1,0,0
232,LP001770,1.0,0,0,0,0,4.787491742782046,360.0,1.0,1.0,8.663369301573839,1,0,0
233,LP001776,0.0,0,0,1,0,5.634789603169249,360.0,1.0,1.0,9.027978814382207,1,1,0
234,LP001778,1.0,1,1,1,0,4.941642422609304,360.0,1.0,1.0,8.503905297089302,1,1,0
235,LP001784,1.0,1,1,1,0,5.135798437050262,360.0,1.0,1.0,8.81877816903701,1,0,0
236,LP001786,1.0,1,0,1,0,5.541263545158426,360.0,0.7,0.0,8.656259239539235,1,0,1
237,LP001788,0.0,0,0,1,1,4.804021044733257,360.0,0.7,1.0,8.149890544402423,1,0,1
238,LP001790,0.0,0,1,1,0,4.718498871295094,360.0,1.0,1.0,8.245909264774093,1,0,0
239,LP001792,1.0,1,1,1,0,4.564348191467836,360.0,1.0,1.0,8.106212902619962,1,1,0
240,LP001798,1.0,1,2,1,0,4.787491742782046,360.0,1.0,1.0,9.289059126687574,2,0,0
241,LP001800,1.0,1,1,0,0,4.941642422609304,180.0,1.0,0.0,8.41027590907016,1,0,1
242,LP001806,1.0,0,0,1,0,5.043425116919247,60.0,1.0,1.0,9.067162602299854,1,0,1
243,LP001807,1.0,1,2,1,1,4.68213122712422,360.0,1.0,1.0,8.92930284224307,1,0,0
244,LP001811,1.0,1,0,0,0,4.812184355372417,360.0,1.0,1.0,8.96482339168508,1,1,0
245,LP001813,1.0,0,0,1,1,4.787491742782046,180.0,1.0,0.0,9.247925132303454,2,0,1
246,LP001814,1.0,1,2,1,0,4.718498871295094,360.0,1.0,1.0,9.1801903950253,1,0,1
247,LP001819,1.0,1,1,0,0,4.919980925828125,180.0,1.0,1.0,8.796036315200814,1,0,1
248,LP001824,1.0,1,1,1,0,4.812184355372417,480.0,1.0,1.0,8.460622839927844,1,1,0
249,LP001825,1.0,1,0,1,0,4.499809670330265,360.0,1.0,1.0,8.209852481301272,1,0,1
250,LP001835,1.0,1,0,0,0,5.303304908059076,360.0,0.0,0.0,8.62299361030245,1,1,0
251,LP001836,0.0,0,2,1,0,4.927253685157205,360.0,1.0,0.0,8.139440521874608,1,0,1
252,LP001841,1.0,0,0,0,1,4.6443908991413725,360.0,1.0,1.0,8.465899897028686,1,0,0
253,LP001843,1.0,1,1,0,0,5.631211781821365,180.0,1.0,1.0,9.186252576447092,1,1,0
254,LP001844,1.0,0,0,1,1,5.2574953720277815,360.0,0.0,0.0,9.695848187757884,2,0,1
255,LP001846,0.0,0,3,1,0,5.541263545158426,360.0,1.0,1.0,8.03365842788615,1,0,0
256,LP001849,1.0,0,0,0,0,4.74493212836325,360.0,0.0,0.0,8.706986763048892,1,0,0
257,LP001854,1.0,1,3,1,0,4.543294782270004,360.0,1.0,0.0,8.565983355585669,1,0,1
258,LP001859,1.0,1,0,1,0,5.717027701406222,360.0,1.0,0.0,9.72812174830818,2,0,0
259,LP001864,1.0,1,3,0,0,4.852030263919617,360.0,0.7,0.0,8.503297086224126,1,1,0
260,LP001865,1.0,1,1,1,0,5.799092654460526,360.0,0.7,1.0,9.243097936214355,2,0,1
261,LP001868,1.0,0,0,1,0,4.897839799950911,360.0,1.0,1.0,8.359134886757962,1,1,0
262,LP001870,0.0,0,1,1,0,5.043425116919247,36.0,1.0,0.0,8.15507488781144,1,1,0
263,LP001871,0.0,0,0,1,0,4.787491742782046,360.0,1.0,1.0,8.881836305004146,1,0,0
264,LP001872,1.0,0,0,1,1,4.852030263919617,360.0,1.0,1.0,8.549853973655786,1,1,0
265,LP001875,1.0,0,0,1,0,5.017279836814924,360.0,1.0,1.0,8.928242677818302,1,0,0
266,LP001877,1.0,1,2,1,0,5.0106352940962555,360.0,1.0,1.0,8.715224041915372,1,1,0
267,LP001882,1.0,1,3,1,0,5.075173815233827,360.0,0.0,1.0,8.723231274827508,1,0,1
268,LP001883,0.0,0,0,1,0,4.90527477843843,360.0,1.0,0.0,8.136810863675537,1,0,0
269,LP001884,0.0,0,1,1,0,4.499809670330265,360.0,1.0,1.0,8.397508348470257,1,0,1
270,LP001888,0.0,0,0,1,0,3.8,360.0,1.0,1.0,8.082402253926244,1,0,1
271,LP001891,1.0,1,0,1,0,4.912654885736052,360.0,1.0,1.0,9.318835968129482,2,0,1
272,LP001892,1.0,0,0,1,0,4.836281906951478,360.0,1.0,1.0,8.453187861440325,1,0,0
273,LP001894,1.0,1,0,1,0,5.0106352940962555,360.0,1.0,1.0,8.48528964240323,1,1,0
274,LP001896,1.0,1,2,1,0,4.499809670330265,360.0,1.0,1.0,8.268731832117737,1,1,0
275,LP001900,1.0,1,1,1,0,4.74493212836325,360.0,1.0,1.0,8.432070937999402,1,1,0
276,LP001903,1.0,1,0,1,0,5.332718793265369,360.0,1.0,1.0,8.891098830616636,1,1,0
277,LP001904,1.0,1,0,1,0,4.382026634673881,360.0,1.0,1.0,8.390041405755754,1,0,1
278,LP001907,1.0,1,0,1,0,5.8,360.0,1.0,1.0,9.587611745713565,2,1,0
279,LP001908,0.0,1,0,0,0,4.820281565605037,360.0,0.7,1.0,8.318742252692399,1,0,0
280,LP001910,1.0,0,1,0,1,5.062595033026967,360.0,0.0,0.0,8.776321456449958,1,0,1
281,LP001914,1.0,1,0,1,0,4.718498871295094,360.0,1.0,1.0,8.461046030793236,1,1,0
282,LP001915,1.0,1,2,1,0,4.356708826689592,180.0,1.0,1.0,8.097669722345216,1,0,1
283,LP001917,0.0,0,0,1,0,3.9889840465642745,360.0,1.0,1.0,8.153925132007862,1,0,1
284,LP001922,1.0,1,0,1,0,5.713952803310279,360.0,1.0,0.0,9.8,3,0,0
285,LP001924,1.0,0,0,1,0,4.48863636973214,360.0,1.0,1.0,8.734077192559303,1,0,0
286,LP001925,0.0,0,0,1,1,4.59511985013459,300.0,1.0,0.0,8.370315995555478,1,1,0
287,LP001926,1.0,1,0,1,0,4.787491742782046,360.0,1.0,1.0,8.648922962094131,1,0,0
288,LP001931,0.0,0,0,1,0,4.74493212836325,360.0,1.0,1.0,8.32457884513685,1,1,0
289,LP001935,1.0,0,0,1,0,5.231108616854587,360.0,1.0,1.0,9.159888828480085,1,0,0
290,LP001936,1.0,1,0,1,0,4.9344739331306915,360.0,1.0,1.0,8.610865667278873,1,0,0
291,LP001938,1.0,1,2,1,0,4.844187086458591,360.0,0.0,0.0,8.389359819906353,1,1,0
292,LP001940,1.0,1,2,1,0,4.897839799950911,360.0,1.0,1.0,8.45807992692373,1,0,1
293,LP001945,0.0,0,0,1,0,4.962844630259907,480.0,0.0,0.0,8.597297435657898,1,0,1
294,LP001947,1.0,1,0,1,0,5.147494476813453,360.0,1.0,1.0,8.651199471263972,1,1,0
295,LP001949,1.0,1,3,1,0,4.700480365792417,360.0,1.0,1.0,8.642238680390461,1,0,1
296,LP001953,1.0,1,1,1,0,5.298317366548036,360.0,1.0,1.0,8.835646922534773,1,1,0
297,LP001954,0.0,1,1,1,0,4.90527477843843,360.0,1.0,1.0,8.448057452581375,1,0,1
298,LP001955,0.0,0,0,1,0,5.017279836814924,480.0,1.0,0.0,8.928110078202646,1,0,0
299,LP001963,1.0,1,1,1,0,4.727387818712341,360.0,1.0,0.0,8.504918160540624,1,0,1
300,LP001964,1.0,1,0,0,0,4.532599493153256,360.0,0.0,0.0,8.46252579007393,1,0,1
301,LP001972,1.0,1,0,0,0,4.653960350157523,360.0,1.0,1.0,8.439231649946526,1,1,0
302,LP001974,0.0,0,0,1,0,4.882801922586371,360.0,1.0,1.0,8.517193191416238,1,0,0
303,LP001977,1.0,1,1,1,0,4.564348191467836,360.0,1.0,1.0,8.13973227971767,1,0,1
304,LP001978,1.0,0,0,1,0,4.941642422609304,360.0,1.0,1.0,8.779557455883728,1,0,0
305,LP001990,1.0,0,0,0,0,4.844187086458591,360.0,1.0,0.0,7.600902459542082,1,0,1
306,LP001993,0.0,0,0,1,0,4.90527477843843,360.0,1.0,1.0,8.59932602095476,1,0,0
307,LP001994,0.0,0,0,1,0,4.6443908991413725,360.0,0.0,0.0,8.35772841676521,1,0,1
308,LP001996,1.0,0,0,1,0,5.8,360.0,1.0,0.0,9.8,3,0,0
309,LP001998,1.0,1,2,0,0,5.220355825078324,360.0,0.7,1.0,8.944680683558895,1,0,0
310,LP002002,0.0,0,0,1,0,4.430816798843313,360.0,1.0,1.0,7.978310969867722,1,1,0
311,LP002004,1.0,0,0,0,0,4.709530201312334,360.0,1.0,1.0,8.5814816812986,1,1,0
312,LP002006,0.0,0,0,1,0,4.02535169073515,360.0,1.0,1.0,7.826842098158293,1,0,0
313,LP002008,1.0,1,2,1,1,4.969813299576001,84.0,0.7,1.0,8.656259239539235,1,0,0
314,LP002024,-1.0,1,0,1,0,5.0689042022202315,360.0,1.0,0.0,8.370084326378025,1,0,0
315,LP002031,1.0,1,1,0,0,4.709530201312334,180.0,1.0,1.0,8.524962928680598,1,0,1
316,LP002035,1.0,1,2,1,0,4.787491742782046,360.0,1.0,1.0,8.220672170297252,1,1,0
317,LP002036,1.0,1,0,1,0,4.477336814478207,360.0,0.7,1.0,8.340933226000878,1,0,1
318,LP002043,0.0,0,1,1,0,4.718498871295094,360.0,0.7,1.0,8.172164452111904,1,1,0
319,LP002050,1.0,1,1,1,1,5.043425116919247,360.0,1.0,0.0,9.210340371976184,1,0,0
320,LP002051,1.0,1,0,1,0,4.74493212836325,360.0,1.0,1.0,8.426611813185,1,1,0
321,LP002053,1.0,1,3,1,0,4.820281565605037,360.0,1.0,1.0,8.418697944667139,1,1,0
322,LP002054,1.0,1,2,0,0,4.844187086458591,360.0,1.0,1.0,8.55468163582723,1,0,0
323,LP002055,0.0,0,0,1,0,4.882801922586371,360.0,0.7,1.0,8.724369949208368,1,0,0
324,LP002065,1.0,1,3,1,0,5.703782474656201,360.0,1.0,1.0,9.615805480084347,2,0,0
325,LP002067,1.0,1,1,1,1,5.8,360.0,0.0,0.0,9.521421537856195,2,0,0
326,LP002068,1.0,0,0,1,0,4.867534450455582,360.0,0.0,1.0,8.50045386741194,1,0,0
327,LP002082,1.0,1,0,1,1,5.214935757608986,360.0,1.0,1.0,8.984443032465352,1,1,0
328,LP002086,0.0,1,0,1,0,4.700480365792417,360.0,1.0,0.0,8.822322177471738,1,0,1
329,LP002087,0.0,0,0,1,0,4.204692619390966,360.0,1.0,1.0,7.824046010856292,1,0,1
330,LP002097,1.0,0,1,1,0,4.762173934797756,360.0,1.0,1.0,8.728587995695898,1,0,1
331,LP002098,1.0,0,0,1,0,4.584967478670572,360.0,1.0,1.0,7.984462732262196,1,1,0
332,LP002100,1.0,0,0,1,0,4.2626798770413155,360.0,1.0,1.0,7.949091499830517,1,0,1
333,LP002101,1.0,1,0,1,0,5.8,180.0,1.0,1.0,9.8,5,0,1
334,LP002103,-1.0,1,1,1,1,5.204006687076795,180.0,1.0,1.0,9.364433907313582,2,0,1
335,LP002106,1.0,1,0,1,1,4.248495242049359,360.0,1.0,1.0,9.209640126861789,1,1,0
336,LP002110,1.0,1,1,1,0,5.075173815233827,360.0,1.0,1.0,8.689127655323706,1,0,0
337,LP002112,1.0,1,2,1,1,5.170483995038151,360.0,1.0,1.0,8.867850063029406,1,0,0
338,LP002113,0.0,0,3,0,0,4.844187086458591,360.0,0.0,0.0,7.512071245835466,1,0,1
339,LP002114,0.0,0,0,1,0,4.2626798770413155,360.0,1.0,1.0,8.333270353255308,1,1,0
340,LP002115,1.0,1,3,0,0,5.153291594497779,360.0,1.0,0.0,8.350902451694811,1,0,0
341,LP002116,0.0,0,0,1,0,3.828641396489095,360.0,1.0,0.0,7.774015077250727,1,0,0
342,LP002119,1.0,1,1,0,0,5.062595033026967,360.0,1.0,1.0,8.662677858158219,1,0,1
343,LP002126,1.0,1,3,0,0,4.30406509320417,360.0,1.0,1.0,8.062432791583195,1,1,0
344,LP002128,1.0,1,2,1,0,4.8283137373023015,360.0,1.0,1.0,8.499640032168648,1,0,0
345,LP002129,1.0,1,0,1,0,5.075173815233827,360.0,1.0,1.0,8.508555998020574,1,1,0
346,LP002130,1.0,1,0,0,0,5.0238805208462765,360.0,0.0,0.0,8.817742129574842,1,0,0
347,LP002131,1.0,1,2,0,0,4.836281906951478,360.0,1.0,1.0,8.566173813637858,1,0,1
348,LP002137,1.0,1,0,1,0,5.556828061699537,360.0,0.7,1.0,9.29798488182823,2,1,0
349,LP002138,1.0,1,0,1,0,5.231108616854587,360.0,1.0,1.0,9.090993614343617,1,0,0
350,LP002139,1.0,1,0,1,0,5.429345628954441,360.0,1.0,1.0,9.114159813502214,1,1,0
351,LP002140,1.0,0,0,1,0,5.730099782973574,360.0,1.0,0.0,9.466299552232016,2,0,0
352,LP002141,1.0,1,3,1,0,4.553876891600541,360.0,1.0,1.0,8.465689348549121,1,0,0
353,LP002142,0.0,1,0,1,1,4.653960350157523,360.0,0.0,0.0,8.612503371220562,1,0,0
354,LP002143,0.0,1,0,1,0,4.867534450455582,360.0,1.0,1.0,7.982074875081202,1,1,0
355,LP002144,0.0,0,0,1,0,4.7535901911063645,180.0,1.0,1.0,8.246171559857563,1,0,1
356,LP002149,1.0,1,2,1,0,5.10594547390058,360.0,1.0,1.0,9.350102314351341,2,0,0
357,LP002151,1.0,1,1,1,0,4.204692619390966,360.0,1.0,0.0,8.262300941787448,1,0,1
358,LP002158,1.0,1,0,0,0,4.605170185988092,480.0,0.0,0.0,8.448057452581375,1,0,1
359,LP002160,1.0,1,3,1,0,5.298317366548036,360.0,1.0,1.0,9.0280988119824,1,1,0
360,LP002161,0.0,0,1,1,0,4.394449154672439,360.0,1.0,0.0,8.460199469896118,1,1,0
361,LP002170,1.0,1,2,1,0,5.4638318050256105,360.0,1.0,1.0,9.067277989134345,1,1,0
362,LP002175,1.0,1,0,1,0,4.867534450455582,360.0,1.0,1.0,8.865452825753623,1,0,1
363,LP002178,1.0,1,0,1,0,4.553876891600541,300.0,0.7,1.0,8.707152175339404,1,0,1
364,LP002180,1.0,0,0,1,1,4.948759890378168,360.0,1.0,1.0,8.82790796297859,1,0,0
365,LP002181,1.0,0,0,0,0,4.890349128221754,360.0,1.0,0.0,8.734881892047483,1,0,0
366,LP002187,1.0,0,0,1,0,4.564348191467836,480.0,1.0,0.0,7.824046010856292,1,1,0
367,LP002188,1.0,0,0,1,0,4.820281565605037,360.0,0.0,0.0,8.541690663016626,1,0,0
368,LP002190,1.0,1,1,1,0,5.1647859739235145,360.0,1.0,1.0,8.752265313595721,1,1,0
369,LP002191,1.0,1,0,1,0,5.8,360.0,1.0,0.0,9.8,3,0,0
370,LP002194,0.0,0,0,1,1,4.007333185232471,360.0,1.0,1.0,9.665166909622071,2,1,0
371,LP002197,1.0,1,2,1,0,5.043425116919247,360.0,1.0,1.0,8.553525120663627,1,1,0
372,LP002201,1.0,1,2,1,1,5.8,300.0,1.0,1.0,9.752432077616172,2,0,0
373,LP002205,1.0,0,1,1,0,4.709530201312334,180.0,0.0,0.0,8.526945482858915,1,0,1
374,LP002209,0.0,0,0,1,0,4.700480365792417,360.0,1.0,1.0,8.348301054933943,1,0,1
375,LP002211,1.0,1,0,1,0,4.787491742782046,180.0,1.0,1.0,8.655214489313613,1,0,1
376,LP002219,1.0,1,3,1,0,4.867534450455582,360.0,1.0,1.0,9.52850315168155,2,0,0
377,LP002223,1.0,1,0,1,0,4.867534450455582,360.0,0.7,1.0,8.368693183097793,1,1,0
378,LP002224,1.0,0,0,1,0,4.2626798770413155,480.0,1.0,0.0,8.029107054619736,1,0,1
379,LP002225,1.0,1,2,1,0,4.867534450455582,360.0,1.0,1.0,8.592486175451668,1,0,1
380,LP002226,1.0,1,0,1,0,4.852030263919617,360.0,1.0,1.0,8.671286726753637,1,1,0
381,LP002229,1.0,0,0,1,0,5.69035945432406,360.0,1.0,1.0,9.227492430793749,2,1,0
382,LP002231,0.0,0,0,1,0,5.049856007249537,360.0,1.0,1.0,8.699514748210191,1,0,1
383,LP002234,1.0,0,0,1,1,4.852030263919617,360.0,1.0,1.0,8.877242435993919,1,0,1
384,LP002236,1.0,1,2,1,0,4.605170185988092,360.0,1.0,0.0,8.42639282708974,1,0,1
385,LP002237,1.0,0,1,1,0,4.727387818712341,180.0,1.0,1.0,8.207129168071326,1,0,1
386,LP002239,1.0,0,0,0,0,4.882801922586371,360.0,1.0,1.0,8.28045768658256,1,1,0
387,LP002243,1.0,1,0,0,0,4.844187086458591,360.0,0.0,0.0,8.72355674269043,1,0,1
388,LP002244,1.0,1,0,1,0,4.912654885736052,360.0,1.0,1.0,8.465899897028686,1,0,1
389,LP002250,1.0,1,0,1,0,4.8283137373023015,360.0,1.0,1.0,8.610319169405722,1,0,0
390,LP002255,1.0,0,3,1,0,5.220355825078324,360.0,1.0,1.0,9.123365357961776,1,0,0
391,LP002262,1.0,1,3,1,0,5.616771097666572,360.0,1.0,1.0,9.159468041602427,1,0,0
392,LP002263,1.0,1,0,1,0,4.787491742782046,360.0,0.7,1.0,8.454892165218858,1,0,1
393,LP002265,1.0,1,2,0,0,4.727387818712341,180.0,1.0,1.0,8.193676665955241,1,1,0
394,LP002266,1.0,1,2,1,0,4.727387818712341,360.0,1.0,1.0,8.411832675758411,1,0,1
395,LP002272,1.0,1,2,1,0,4.90527477843843,360.0,0.7,1.0,8.23217423638394,1,1,0
396,LP002277,0.0,0,0,1,0,4.2626798770413155,360.0,0.0,0.0,8.064636475774222,1,0,1
397,LP002281,1.0,1,0,1,0,4.553876891600541,360.0,1.0,1.0,8.410053315858335,1,0,1
398,LP002284,1.0,0,0,0,0,4.6913478822291435,360.0,1.0,1.0,8.624791202014256,1,0,0
399,LP002287,0.0,0,0,1,0,4.634728988229636,360.0,0.0,0.0,8.101677747454572,1,1,0
400,LP002288,1.0,1,2,0,0,3.8066624897703196,180.0,0.0,0.0,7.968665700466235,1,0,1
401,LP002296,1.0,0,0,0,0,4.174387269895637,300.0,1.0,0.0,7.9211727215870145,1,0,0
402,LP002297,1.0,0,0,1,0,4.634728988229636,360.0,1.0,1.0,9.8,3,1,0
403,LP002300,0.0,0,0,0,0,3.970291913552122,360.0,1.0,1.0,7.5822291942764615,1,1,0
404,LP002301,0.0,0,0,1,1,5.267858159063328,360.0,1.0,0.0,8.914760527397261,1,0,0
405,LP002305,0.0,0,0,1,0,4.74493212836325,360.0,1.0,1.0,8.42222295382501,1,1,0
406,LP002308,1.0,1,0,0,0,4.74493212836325,360.0,1.0,1.0,8.426611813185,1,0,1
407,LP002314,0.0,0,0,0,0,4.189654742026425,360.0,1.0,1.0,7.70210434005105,1,0,0
408,LP002315,1.0,1,1,1,0,5.0238805208462765,300.0,0.0,0.0,9.02401079378469,1,1,0
409,LP002317,1.0,1,3,1,0,5.8,360.0,0.0,0.0,9.8,5,0,0
410,LP002318,0.0,0,1,0,1,4.127134385045092,360.0,1.0,0.0,8.260234291607297,1,1,0
411,LP002319,1.0,1,0,1,0,5.075173815233827,360.0,0.7,1.0,8.741296282225147,1,0,1
412,LP002328,1.0,1,0,0,0,5.384495062789089,360.0,0.0,0.0,8.715388097366482,1,0,0
413,LP002332,1.0,1,0,0,0,4.700480365792417,360.0,1.0,1.0,8.363109176033522,1,0,0
414,LP002335,0.0,1,0,0,0,5.181783550292085,360.0,0.0,0.0,8.591558273371545,1,1,0
415,LP002337,0.0,0,0,1,0,4.0943445622221,360.0,1.0,1.0,8.00469951054955,1,0,1
416,LP002341,0.0,0,1,1,0,5.075173815233827,360.0,1.0,0.0,7.8632667240095735,1,0,1
417,LP002342,1.0,1,2,1,1,5.476463551931511,360.0,1.0,0.0,9.8,3,0,1
418,LP002345,1.0,1,0,1,0,4.718498871295094,360.0,1.0,1.0,8.242229891372231,1,0,0
419,LP002347,1.0,1,0,1,0,4.927253685157205,360.0,1.0,1.0,8.44741429680832,1,1,0
420,LP002348,1.0,1,0,1,0,4.927253685157205,360.0,1.0,1.0,8.67060073804555,1,0,0
421,LP002357,0.0,0,0,0,0,4.382026634673881,360.0,0.0,0.0,7.908387159290043,1,0,1
422,LP002361,1.0,1,0,1,0,4.605170185988092,360.0,1.0,1.0,8.171599480345463,1,0,1
423,LP002362,1.0,1,1,1,0,4.700480365792417,360.0,0.0,0.0,9.095714846134879,1,0,1
424,LP002364,1.0,1,0,1,0,4.564348191467836,360.0,1.0,1.0,9.607773308387083,2,1,0
425,LP002366,1.0,1,0,1,0,4.795790545596741,360.0,1.0,1.0,8.848796450925947,1,0,0
426,LP002367,0.0,0,1,0,0,4.394449154672439,360.0,1.0,0.0,8.43511508038063,1,0,0
427,LP002368,1.0,1,2,1,0,4.890349128221754,360.0,1.0,1.0,8.688622307043769,1,1,0
428,LP002369,1.0,1,0,1,0,4.465908118654584,360.0,1.0,1.0,7.984844261119869,1,0,0
429,LP002370,1.0,0,0,0,0,4.0943445622221,180.0,1.0,1.0,7.907283609426348,1,0,1
430,LP002377,0.0,0,1,1,1,5.0106352940962555,360.0,1.0,1.0,9.06230429314878,1,1,0
431,LP002379,1.0,0,0,1,0,4.653960350157523,360.0,0.0,0.0,8.779557455883728,1,0,0
432,LP002386,1.0,0,0,1,0,5.8,360.0,1.0,1.0,9.463120392418698,2,1,0
433,LP002387,1.0,1,0,1,0,4.962844630259907,360.0,1.0,1.0,8.469052816088302,1,1,0
434,LP002390,1.0,0,0,1,0,4.605170185988092,360.0,1.0,1.0,8.229511118964457,1,0,1
435,LP002393,0.0,1,0,1,0,5.465729477297891,240.0,1.0,1.0,9.215029361462314,2,1,0
436,LP002398,1.0,0,0,1,0,3.912023005428146,360.0,1.0,1.0,8.236685322712457,1,1,0
437,LP002401,1.0,1,0,1,0,4.844187086458591,360.0,1.0,1.0,8.11312710422178,1,0,1
438,LP002403,1.0,0,0,1,1,5.231108616854587,360.0,0.0,0.0,9.251098364448351,2,0,1
439,LP002407,0.0,1,0,0,1,4.927253685157205,360.0,1.0,1.0,8.873748128154395,1,0,0
440,LP002408,1.0,0,0,1,0,5.231108616854587,360.0,1.0,1.0,9.07383312732152,1,1,0
441,LP002409,1.0,1,0,1,0,5.19295685089021,360.0,1.0,1.0,9.1833801903934,1,0,0
442,LP002418,1.0,0,3,0,0,4.997212273764115,360.0,1.0,1.0,8.809862805379057,1,1,0
443,LP002422,1.0,0,1,1,0,5.0238805208462765,360.0,1.0,1.0,9.8,4,1,0
444,LP002424,1.0,1,0,1,0,5.1647859739235145,300.0,0.7,1.0,9.659248037927183,2,0,0
445,LP002429,1.0,1,1,1,1,4.867534450455582,360.0,1.0,1.0,8.450198322591959,1,0,0
446,LP002434,1.0,1,2,0,0,4.700480365792417,360.0,1.0,1.0,8.445052513638554,1,0,0
447,LP002435,1.0,1,0,1,0,4.007333185232471,360.0,1.0,0.0,8.500047032581268,1,0,0
448,LP002443,1.0,1,2,1,0,5.0106352940962555,360.0,0.0,0.0,8.527143522269405,1,0,0
449,LP002444,1.0,0,1,0,1,5.247024072160486,360.0,0.7,0.0,8.368925174747135,1,1,0
450,LP002446,1.0,1,2,0,0,4.8283137373023015,360.0,0.0,0.0,8.1786387885907,1,0,0
451,LP002447,1.0,1,2,0,0,4.0943445622221,300.0,0.7,1.0,8.135639903354386,1,0,1
452,LP002448,1.0,1,0,1,0,5.003946305945459,360.0,0.0,0.0,8.644882552557126,1,0,0
453,LP002449,1.0,1,0,1,0,4.499809670330265,180.0,0.0,1.0,8.506940814951886,1,0,0
454,LP002453,1.0,0,0,1,1,4.430816798843313,360.0,1.0,1.0,8.865735152124781,1,1,0
455,LP002455,1.0,1,2,1,0,4.564348191467836,360.0,1.0,1.0,8.258163361537619,1,1,0
456,LP002459,1.0,1,0,1,0,4.770684624465665,360.0,1.0,1.0,8.366602832783736,1,0,1
457,LP002467,1.0,1,0,1,0,5.153291594497779,360.0,1.0,0.0,8.744647438317532,1,0,1
458,LP002472,1.0,0,2,1,0,4.912654885736052,360.0,1.0,1.0,8.378850241794492,1,0,0
459,LP002473,1.0,1,0,1,0,5.075173815233827,360.0,1.0,0.0,9.0280988119824,1,1,0
460,LP002478,-1.0,1,0,1,1,5.075173815233827,360.0,0.7,1.0,8.726805608446096,1,1,0
461,LP002484,1.0,1,3,1,0,4.852030263919617,180.0,1.0,1.0,8.954156966583772,1,0,1
462,LP002487,1.0,1,0,1,0,5.030437921392435,360.0,1.0,1.0,8.556990661290303,1,0,0
463,LP002489,0.0,0,1,0,0,4.882801922586371,360.0,1.0,1.0,8.55468163582723,1,1,0
464,LP002493,1.0,0,0,1,0,4.584967478670572,360.0,0.0,0.0,8.334711621820917,1,1,0
465,LP002494,1.0,0,0,1,0,4.941642422609304,360.0,1.0,1.0,8.699514748210191,1,0,0
466,LP002500,1.0,1,3,0,0,4.248495242049359,180.0,0.0,0.0,8.436200032206706,1,0,1
467,LP002501,-1.0,1,0,1,0,4.700480365792417,360.0,1.0,1.0,9.722684841711443,2,1,0
468,LP002502,0.0,1,2,0,0,4.584967478670572,360.0,1.0,1.0,8.047829357457841,1,1,0
469,LP002505,1.0,1,0,1,0,4.700480365792417,360.0,1.0,0.0,8.822322177471738,1,0,1
470,LP002515,1.0,1,1,1,1,5.087596335232384,360.0,1.0,1.0,8.617762246337932,1,1,0
471,LP002517,1.0,1,1,0,0,4.727387818712341,180.0,0.0,0.0,8.331586243630754,1,0,0
472,LP002519,1.0,1,3,1,0,4.605170185988092,360.0,1.0,1.0,8.453401058328458,1,1,0
473,LP002522,0.0,0,0,1,1,4.532599493153256,360.0,0.7,1.0,7.824046010856292,1,0,1
474,LP002524,1.0,0,2,1,0,5.087596335232384,360.0,1.0,1.0,9.228180290104513,2,0,0
475,LP002527,1.0,1,2,1,1,5.0106352940962555,360.0,1.0,1.0,9.772182251758139,2,0,0
476,LP002529,1.0,1,2,1,0,5.438079308923196,300.0,1.0,1.0,9.041921720351219,1,1,0
477,LP002530,-1.0,1,2,1,0,4.882801922586371,360.0,0.0,0.0,8.464846711044029,1,1,0
478,LP002531,1.0,1,1,1,1,4.454347296253507,360.0,1.0,1.0,9.8,2,1,0
479,LP002533,1.0,1,2,1,0,4.844187086458591,360.0,1.0,0.0,8.422882511944996,1,0,1
480,LP002534,0.0,0,0,0,0,5.0369526024136295,360.0,1.0,1.0,8.37793112408273,1,0,0
481,LP002536,1.0,1,3,0,0,4.727387818712341,360.0,1.0,1.0,8.037543185118697,1,0,0
482,LP002537,1.0,1,0,1,0,4.852030263919617,360.0,1.0,1.0,8.562740006372207,1,1,0
483,LP002541,1.0,1,0,1,0,5.455321115357702,360.0,1.0,1.0,9.290352309945568,2,1,0
484,LP002543,1.0,1,2,1,0,5.5053315359323625,360.0,1.0,1.0,9.027978814382207,1,1,0
485,LP002544,1.0,1,1,0,0,4.875197323201151,360.0,1.0,1.0,8.387995252944556,1,0,0
486,LP002545,1.0,0,2,1,0,4.382026634673881,360.0,0.0,0.0,8.173857454773621,1,0,0
487,LP002547,1.0,1,1,1,0,5.8,360.0,1.0,0.0,9.8,2,0,1
488,LP002555,1.0,1,2,1,1,5.075173815233827,360.0,1.0,1.0,8.804775258867686,1,1,0
489,LP002556,1.0,0,0,1,0,4.31748811353631,360.0,1.0,0.0,7.79770203551669,1,0,1
490,LP002560,1.0,0,0,0,0,4.564348191467836,360.0,0.7,1.0,8.609590040682205,1,1,0
491,LP002562,1.0,1,1,0,0,5.225746673713202,360.0,0.7,1.0,8.774003600200931,1,0,1
492,LP002571,1.0,0,0,0,0,4.700480365792417,360.0,1.0,1.0,8.213652703029998,1,0,0
493,LP002582,0.0,0,0,0,1,5.41610040220442,360.0,1.0,1.0,9.756320761816548,2,1,0
494,LP002585,1.0,1,0,1,0,4.77912349311153,360.0,0.0,0.0,8.657650544111494,1,0,0
495,LP002586,0.0,1,1,1,0,4.653960350157523,84.0,1.0,1.0,8.352082671352637,1,1,0
496,LP002587,1.0,1,0,0,0,4.672828834461906,360.0,1.0,1.0,8.366370301681654,1,0,0
497,LP002588,1.0,1,0,1,0,4.709530201312334,12.0,0.7,1.0,8.920255414908091,1,0,1
498,LP002600,1.0,1,1,1,1,4.553876891600541,360.0,1.0,1.0,7.970740390007095,1,1,0
499,LP002602,1.0,0,0,1,0,5.342334251964811,360.0,0.0,0.0,9.277905558138606,2,0,0
500,LP002603,0.0,0,0,1,0,4.727387818712341,480.0,1.0,1.0,8.372860820526318,1,0,0
501,LP002606,0.0,0,0,1,0,4.605170185988092,360.0,1.0,1.0,8.058010800802085,1,1,0
502,LP002615,1.0,1,2,1,0,5.337538079701318,360.0,1.0,1.0,9.258082367961604,2,1,0
503,LP002618,1.0,1,1,0,0,4.927253685157205,360.0,0.7,0.0,9.143345503151904,1,0,0
504,LP002619,1.0,1,0,0,0,4.820281565605037,300.0,1.0,1.0,8.574895901544526,1,1,0
505,LP002622,1.0,1,2,1,0,5.493061443340548,360.0,1.0,1.0,8.97790377375038,1,0,0
506,LP002624,1.0,1,0,1,0,5.8,360.0,0.7,1.0,9.8,3,0,1
507,LP002625,-1.0,0,0,1,0,4.564348191467836,360.0,1.0,0.0,8.183955717304954,1,0,1
508,LP002626,1.0,1,0,1,1,5.236441962829949,360.0,1.0,1.0,8.61104776688786,1,0,1
509,LP002634,0.0,0,1,1,0,3.8,360.0,1.0,1.0,9.492658081928813,2,0,1
510,LP002637,1.0,0,0,0,0,4.605170185988092,360.0,1.0,0.0,8.493924564476883,1,0,0
511,LP002640,1.0,1,1,1,0,5.521460917862246,360.0,1.0,1.0,8.995784837848506,1,1,0
512,LP002643,1.0,1,2,1,0,4.997212273764115,360.0,1.0,1.0,8.578852571802965,1,0,1
513,LP002648,1.0,1,0,1,0,4.248495242049359,180.0,1.0,0.0,9.082052351674651,1,1,0
514,LP002652,1.0,0,0,1,0,5.739792912179234,360.0,1.0,0.0,9.15704507491796,1,0,0
515,LP002659,1.0,1,3,1,0,5.0106352940962555,360.0,1.0,1.0,8.83840674707681,1,0,0
516,LP002670,0.0,1,2,1,0,4.727387818712341,480.0,1.0,1.0,8.206037762778815,1,1,0
517,LP002682,1.0,1,0,0,0,4.812184355372417,360.0,0.0,0.0,8.491670234185152,1,1,0
518,LP002683,1.0,0,0,1,0,5.220355825078324,360.0,1.0,0.0,8.794521851788527,1,1,0
519,LP002684,0.0,0,0,0,0,4.553876891600541,360.0,1.0,0.0,8.131530710604252,1,0,0
520,LP002689,1.0,1,2,0,0,3.8066624897703196,360.0,1.0,1.0,8.277411998949004,1,1,0
521,LP002690,1.0,0,0,1,0,4.007333185232471,360.0,1.0,1.0,7.824046010856292,1,1,0
522,LP002692,1.0,1,3,1,1,4.605170185988092,360.0,1.0,1.0,8.867990898182093,1,0,0
523,LP002693,1.0,1,2,1,1,5.8,360.0,1.0,1.0,9.623376745580666,2,0,0
524,LP002697,1.0,0,0,1,0,4.844187086458591,360.0,1.0,0.0,8.819813136232225,1,1,0
525,LP002699,1.0,1,2,1,1,5.8,360.0,1.0,1.0,9.769956159911606,2,0,0
526,LP002705,1.0,1,0,1,0,4.700480365792417,360.0,1.0,1.0,8.236155661683124,1,1,0
527,LP002706,1.0,1,1,0,0,5.081404364984463,360.0,0.0,1.0,8.812099108957337,1,1,0
528,LP002714,1.0,0,1,0,0,4.543294782270004,360.0,1.0,1.0,8.289288323000317,1,1,0
529,LP002716,1.0,0,0,0,0,4.867534450455582,360.0,1.0,1.0,8.82217476094608,1,1,0
530,LP002717,1.0,1,0,1,0,5.375278407684165,360.0,0.7,1.0,8.783396232190894,1,0,0
531,LP002720,1.0,1,3,1,0,4.605170185988092,360.0,1.0,1.0,8.361941906144946,1,0,1
532,LP002723,1.0,0,2,1,0,4.700480365792417,360.0,0.0,0.0,8.185350223178686,1,0,0
533,LP002729,1.0,0,1,1,0,5.278114659230517,360.0,0.7,0.0,9.328123407632566,2,1,0
534,LP002731,0.0,0,0,0,1,4.8283137373023015,360.0,1.0,1.0,9.8,2,0,1
535,LP002732,1.0,0,0,0,0,4.836281906951478,360.0,1.0,1.0,8.432070937999402,1,0,0
536,LP002734,1.0,1,0,1,0,5.780743515792329,360.0,1.0,1.0,9.214232786691527,2,0,1
537,LP002738,1.0,0,2,1,0,4.672828834461906,360.0,1.0,1.0,8.193400231952097,1,1,0
538,LP002739,1.0,1,0,0,0,4.189654742026425,360.0,1.0,0.0,8.146998697389993,1,0,0
539,LP002740,1.0,1,3,1,0,5.056245805348308,180.0,1.0,1.0,8.766705997750515,1,0,0
540,LP002741,0.0,1,1,1,0,4.941642422609304,180.0,1.0,1.0,8.916371914881694,1,1,0
541,LP002743,0.0,0,0,1,0,4.59511985013459,360.0,0.0,0.0,7.6676260915849905,1,1,0
542,LP002753,0.0,0,1,1,0,4.553876891600541,360.0,1.0,1.0,8.20303024171486,1,1,0
543,LP002755,1.0,1,1,0,0,4.852030263919617,360.0,1.0,1.0,8.46863300080086,1,0,1
544,LP002757,0.0,1,0,0,0,4.624972813284271,360.0,0.7,1.0,8.210668031162976,1,1,0
545,LP002767,1.0,1,0,1,0,5.043425116919247,360.0,1.0,1.0,8.45914025996762,1,0,0
546,LP002768,1.0,0,0,0,0,4.382026634673881,36.0,1.0,0.0,8.119100837637486,1,1,0
547,LP002772,1.0,0,0,1,0,4.976733742420574,360.0,1.0,1.0,8.368461137615839,1,0,0
548,LP002776,0.0,0,0,1,0,4.634728988229636,360.0,0.0,0.0,8.517193191416238,1,1,0
549,LP002777,1.0,1,0,1,0,4.700480365792417,360.0,1.0,1.0,8.476579508530941,1,0,0
550,LP002778,1.0,1,2,1,1,4.844187086458591,360.0,0.0,0.0,8.799812469525556,1,0,0
551,LP002784,1.0,1,1,0,0,4.844187086458591,360.0,1.0,1.0,8.490233009833455,1,0,0
552,LP002785,1.0,1,1,1,0,5.062595033026967,360.0,1.0,1.0,8.792245847467877,1,0,1
553,LP002788,1.0,1,0,0,0,5.198497031265826,360.0,0.0,0.0,8.473659189392508,1,0,1
554,LP002789,1.0,1,0,1,0,4.882801922586371,180.0,0.0,0.0,8.969414650866176,1,0,0
555,LP002792,1.0,1,1,1,0,3.8,360.0,1.0,1.0,8.779557455883728,1,1,0
556,LP002794,0.0,0,0,1,0,4.430816798843313,360.0,0.7,1.0,8.36450810375059,1,0,1
557,LP002795,1.0,1,3,1,1,5.560681631015528,360.0,1.0,1.0,9.22414465295258,2,1,0
558,LP002798,1.0,1,0,1,0,5.087596335232384,360.0,1.0,1.0,8.78813593986372,1,1,0
559,LP002804,0.0,1,0,1,0,5.204006687076795,360.0,1.0,1.0,8.777401286867264,1,1,0
560,LP002807,1.0,1,2,0,0,4.68213122712422,360.0,1.0,1.0,8.27308133366583,1,1,0
561,LP002813,0.0,1,1,1,1,5.8,360.0,1.0,1.0,9.8,2,1,0
562,LP002820,1.0,1,0,1,0,5.351858133476067,360.0,1.0,1.0,8.984317679911129,1,0,0
563,LP002821,1.0,0,0,0,1,4.882801922586371,360.0,1.0,1.0,8.66561319653451,1,1,0
564,LP002832,1.0,1,2,1,0,5.552959584921617,360.0,0.0,0.0,9.08239335764556,1,0,1
565,LP002833,1.0,1,0,0,0,4.787491742782046,360.0,0.7,1.0,8.404472321352118,1,0,0
566,LP002836,1.0,0,0,1,0,4.248495242049359,360.0,1.0,1.0,8.11162807830774,1,0,1
567,LP002837,1.0,1,3,1,0,4.812184355372417,360.0,0.0,0.0,8.68270762989381,1,0,0
568,LP002840,0.0,0,0,1,0,3.8,360.0,1.0,0.0,7.774015077250727,1,0,1
569,LP002841,1.0,1,0,1,0,4.6443908991413725,360.0,0.0,0.0,8.56216655705897,1,0,1
570,LP002842,1.0,1,1,1,0,5.225746673713202,360.0,1.0,1.0,8.550047528287184,1,0,1
571,LP002847,1.0,1,0,1,0,5.10594547390058,360.0,0.0,0.0,8.789812386190972,1,0,1
572,LP002855,1.0,1,2,1,0,5.616771097666572,360.0,1.0,1.0,9.721125994942152,2,0,1
573,LP002862,1.0,1,2,0,0,5.231108616854587,480.0,1.0,0.0,8.955448122347393,1,1,0
574,LP002863,1.0,1,3,1,0,5.0106352940962555,360.0,1.0,0.0,8.764990330169104,1,1,0
575,LP002868,1.0,1,2,1,0,4.68213122712422,84.0,1.0,1.0,8.194229304819817,1,0,1
576,LP002872,-1.0,1,0,1,0,4.912654885736052,360.0,0.0,0.0,8.574895901544526,1,1,0
577,LP002874,1.0,0,0,1,0,4.700480365792417,360.0,1.0,1.0,8.694167141883597,1,0,1
578,LP002877,1.0,1,1,1,0,4.672828834461906,360.0,1.0,1.0,8.297543529356284,1,0,0
579,LP002888,1.0,0,0,1,0,5.081404364984463,360.0,1.0,1.0,8.715880102296456,1,0,1
580,LP002892,1.0,1,2,1,0,5.3230099791384085,360.0,1.0,1.0,8.785692444451245,1,1,0
581,LP002893,1.0,0,0,1,0,4.499809670330265,360.0,1.0,0.0,9.8,4,0,1
582,LP002894,0.0,1,0,1,0,3.8,360.0,1.0,1.0,8.060224240440958,1,1,0
583,LP002898,1.0,1,1,1,0,4.110873864173311,360.0,0.7,0.0,7.539027055823995,1,0,0
584,LP002911,1.0,1,1,1,0,4.983606621708336,360.0,0.0,0.0,8.456168489578463,1,0,0
585,LP002912,1.0,1,1,1,0,5.147494476813453,84.0,1.0,0.0,8.893298144217916,1,0,0
586,LP002916,1.0,1,0,1,0,4.6443908991413725,360.0,1.0,1.0,8.247743887225516,1,0,1
587,LP002917,0.0,0,0,0,0,4.248495242049359,360.0,1.0,1.0,7.68017564043659,1,1,0
588,LP002925,-1.0,0,0,1,0,4.543294782270004,360.0,1.0,1.0,8.465899897028686,1,1,0
589,LP002926,1.0,1,2,1,1,4.663439094112067,360.0,0.0,0.0,7.9105906122564775,1,1,0
590,LP002928,1.0,1,0,1,0,4.02535169073515,180.0,1.0,1.0,8.766550149546351,1,1,0
591,LP002931,1.0,1,2,1,1,5.3230099791384085,240.0,1.0,0.0,8.699514748210191,1,1,0
592,LP002933,-1.0,0,3,1,1,5.676753802268282,360.0,1.0,1.0,9.143880005275912,1,1,0
593,LP002936,1.0,1,0,1,0,4.955827057601261,180.0,1.0,1.0,8.876125585396185,1,0,0
594,LP002938,1.0,1,0,1,1,5.560681631015528,360.0,1.0,1.0,9.68781601606062,2,0,1
595,LP002940,1.0,0,0,0,0,4.700480365792417,360.0,1.0,1.0,8.251403065380556,1,0,0
596,LP002941,1.0,1,2,0,1,5.231108616854587,360.0,1.0,0.0,8.906935339059165,1,0,0
597,LP002943,1.0,0,0,1,0,4.477336814478207,360.0,0.0,0.0,8.00202481821611,1,1,0
598,LP002945,1.0,1,0,1,1,5.19295685089021,360.0,1.0,1.0,9.206633510044856,1,0,0
599,LP002948,1.0,1,2,1,0,5.2574953720277815,360.0,1.0,1.0,8.662158961666423,1,0,1
600,LP002949,0.0,0,3,1,0,5.8,180.0,0.7,0.0,9.8,4,0,1
601,LP002950,1.0,1,0,0,0,5.043425116919247,360.0,1.0,1.0,8.645762292210945,1,0,0
602,LP002953,1.0,1,3,1,0,4.852030263919617,360.0,1.0,1.0,8.648747631156539,1,0,1
603,LP002958,1.0,0,0,1,0,5.147494476813453,360.0,1.0,1.0,8.984317679911129,1,0,0
604,LP002959,0.0,1,1,1,0,5.8,360.0,1.0,1.0,9.392661928770137,2,1,0
605,LP002960,1.0,1,0,0,0,4.844187086458591,180.0,1.0,0.0,8.732304571033183,1,0,1
606,LP002961,1.0,1,1,1,0,5.153291594497779,360.0,1.0,1.0,8.68270762989381,1,1,0
607,LP002964,1.0,1,2,0,0,5.056245805348308,360.0,1.0,1.0,8.59378379357795,1,0,0
608,LP002974,1.0,1,0,1,0,4.68213122712422,360.0,1.0,1.0,8.552946361122055,1,0,0
609,LP002978,0.0,0,0,1,0,4.2626798770413155,360.0,1.0,1.0,7.9724660159745655,1,0,0
610,LP002979,1.0,1,3,1,0,3.8,180.0,1.0,1.0,8.32020459757888,1,0,0
611,LP002983,1.0,1,1,1,0,5.53338948872752,360.0,1.0,1.0,9.025455532779063,1,0,1
612,LP002984,1.0,1,2,1,0,5.231108616854587,360.0,1.0,1.0,8.933664178700935,1,0,1
613,LP002990,0.0,0,0,1,1,4.890349128221754,360.0,0.0,0.0,8.430109084509125,1,1,0
